acc,model,step
0.5565052131319362,half_large,10000
0.6087212642955263,half_large,20000
0.6290644353225171,half_large,30000
0.6408134060431779,half_large,40000
0.6494657671919797,half_large,50000
0.655816233584375,half_large,60000
0.6628049215547783,half_large,70000
0.6678994822858765,half_large,80000
