acc,model,step
0.540852573439091,medium,9000
0.5956618481783112,medium,21000
0.6096958694789497,medium,30000
0.6171996154778845,medium,39000
0.6251911084560895,medium,51000
0.6300586968366076,medium,60000
